Degree,Betweenness,Closeness,Eigenvector,anomaly
0.06666666666666668,0.1103448275862069,0.06052824651504035,0.20650726724005053,-1
0.033333333333333326,0.0,0.004103967168262668,0.025703015379939076,-1
0.03333333333333334,0.0,0.002695417789757404,0.0652758118661812,-1
