Metric,Before,After,Change
Spectral Radius,2.95488079127872,7.618784257066604,4.663903465787884
Fiedler Eigenvalue,0.05718234106170044,0.07415269415701174,0.0169703530953113
