Metric,Before,After,Change
Spectral Radius,2.95488079127872,9.174268729599113,6.219387938320393
Fiedler Eigenvalue,0.05718234106170044,0.08738560185291232,0.030203260791211876
