Degree,Betweenness,Closeness,Eigenvector,anomaly
0.0,-0.29885057471264365,0.0,-0.03673618538375023,-1
0.1,0.2367816091954023,0.07845796203022082,0.25246284899506416,-1
0.033333333333333326,0.0,0.004103967168262668,-0.01518934744511008,-1
